Element,Pathogenic_Mean,Pathogenic_SEM,Pathogenic_CI_Lower,Pathogenic_CI_Upper,Benign_Mean,Benign_SEM,Benign_CI_Lower,Benign_CI_Upper,Difference_Benign_minus_Path,Diff_CI_Lower,Diff_CI_Upper,Cohens_d,P_Value,N_Pathogenic,N_Benign,Significant
polyA_signal,0.019676121877329,0.00011115597466391724,0.019458248318888923,0.019893995435769075,0.022909745579233698,0.00011967667177313295,0.02267516844510105,0.023144322713366347,0.003233623701904699,0.002913488096425018,0.00355375930738438,0.1962377112805325,8.16284504063418e-87,22252,18720,True
protein_coding_gene,0.007985357659209788,7.828386434442857e-05,0.007831915757910913,0.008138799560508662,0.007419896136539487,6.617764447894248e-05,0.007290181949509391,0.007549610323569583,-0.0005654615226703009,-0.0007663767627221921,-0.0003645462826184097,-0.05411768994627714,3.483539064574022e-08,22252,18720,True
CTCF-bound,0.005619525329919243,6.750433208296388e-05,0.005487212072935044,0.005751838586903442,0.004977972810699454,7.175024115385002e-05,0.004837335828622426,0.005118609792776483,-0.0006415525192197888,-0.0008346392007921938,-0.00044846583764738374,-0.06451576247490408,7.487023836889576e-11,22252,18720,True
3UTR+,0.00698961436827775,7.687572288672049e-05,0.0068389325236569406,0.00714029621289856,0.0058709497805202225,5.8647175226620475e-05,0.005755995996413366,0.005985903564627079,-0.0011186645877575277,-0.0013081811618225272,-0.0009291480136925281,-0.11303279967222335,6.606265140926877e-31,22252,18720,True
lncRNA,0.008162607450916112,6.867125203949478e-05,0.008028006948427452,0.008297207953404773,0.007014779743646932,5.5789759405034e-05,0.006905426753784452,0.007124132733509412,-0.0011478277072691804,-0.0013212432761428212,-0.0009744121383955396,-0.12706642386422398,2.074180325224611e-38,22252,18720,True
promoter_Tissue_invariant,0.004790363984859498,4.8704465738065044e-05,0.004694899793264229,0.0048858281764547675,0.0036270911786426656,3.4938308421921876e-05,0.0035586089244186063,0.003695573432866725,-0.0011632728062168328,-0.0012807553170384584,-0.0010457902953952072,-0.18916160849573752,1.6684405944821096e-83,22252,18720,True
3UTR-,0.006760649804950682,7.395258543540191e-05,0.006615697516120767,0.006905602093780597,0.004830878569233531,5.272371030106547e-05,0.004727535313776786,0.004934221824690276,-0.001929771235717151,-0.0021077838538033937,-0.001751758617630908,-0.20705180696781048,1.2860373849681975e-99,22252,18720,True
promoter_Tissue_specific,0.010095067307312506,9.689757627465793e-05,0.009905141216420771,0.010284993398204241,0.00807305367523083,7.767414864266946e-05,0.00792080529703954,0.00822530205342212,-0.0020220136320816765,-0.0022654201732798794,-0.0017786070908834737,-0.15938916986625262,2.0518725597107273e-59,22252,18720,True
splice_acceptor,0.011976934521331892,0.00013342939868882781,0.011715403479201672,0.012238465563462112,0.009537186471618012,8.659326392499284e-05,0.009367455818302192,0.009706917124933831,-0.002439748049713881,-0.002751516211007471,-0.002127979888420291,-0.1489575273016488,6.1943047707172275e-53,22252,18720,True
stop_codon,0.02286824595491845,0.00014583913703985194,0.022582390949438324,0.023154100960398574,0.020266251049116932,0.0001265166645638993,0.020018266908567967,0.020514235189665896,-0.002601994905801517,-0.002980409544529084,-0.00222358026707395,-0.1323592069602053,2.616870055419463e-41,22252,18720,True
5UTR-,0.010744515988854723,0.00013261942976106796,0.010484572543010266,0.01100445943469918,0.00798151119700526,8.408709525365419e-05,0.007816692861653044,0.008146329532357475,-0.002763004791849464,-0.0030707844146311506,-0.0024552251690677773,-0.17074322642660755,5.141160893588426e-69,22252,18720,True
enhancer_Tissue_invariant,0.00952285187465701,8.767783179843338e-05,0.009350997133893028,0.009694706615420993,0.006395472997327387,6.698828288868302e-05,0.0062641698854704435,0.00652677610918433,-0.003127378877329624,-0.0033436445368950018,-0.002911113217764246,-0.2769301640423767,5.640802900410756e-175,22252,18720,True
5UTR+,0.01157192758733607,0.0001474400351957384,0.011282934708439985,0.011860920466232154,0.008315814847891387,8.9061096228572e-05,0.00814124701937077,0.008490382676412004,-0.003256112739444683,-0.003593724903345768,-0.0029185005755435977,-0.18314004011427784,2.612125499914714e-79,22252,18720,True
enhancer_Tissue_specific,0.020307455302218457,0.00018569593865943202,0.019943478151499144,0.02067143245293777,0.0165957943736088,0.00017446355622510853,0.016253829975505747,0.016937758771711855,-0.0037116609286096565,-0.004211059213458696,-0.0032122626437606173,-0.14354907161812813,5.984462873788655e-48,22252,18720,True
skipped_exon,0.018617133716760503,0.00024222901066731835,0.01814234775342317,0.019091919680097835,0.01229208120260324,0.00013364950917321402,0.01203011603950513,0.012554046365701349,-0.006325052514157263,-0.006867293111488849,-0.005782811916825677,-0.22087947524849424,7.988371188692459e-115,22252,18720,True
exon,0.01706443114483097,0.0003936480630905118,0.016292853147895695,0.017836009141766248,0.010536630420635145,0.00015163289199658173,0.010239416195692196,0.010833844645578093,-0.006527800724195827,-0.007354612574092419,-0.005700988874299234,-0.14823352578050605,8.527432406049866e-54,22252,18720,True
splice_donor,0.021050823715015037,0.00033285849046561393,0.020398397572434713,0.02170324985759536,0.014321595247791141,0.00011752286233983079,0.01409123977554837,0.014551950720033912,-0.006729228467223895,-0.00742110124308035,-0.00603735569136744,-0.18233917904515817,1.680713674578448e-80,22252,18720,True
always_on_exon,0.019908212977604655,0.000279511958236437,0.019360349804692412,0.020456076150516898,0.012335518100318842,0.00012802375771333828,0.012084579920468578,0.012586456280169106,-0.007572694877285813,-0.008175269830133,-0.006970119924438627,-0.2368026942558617,1.0975293160020345e-132,22252,18720,True
start_codon,0.028701812349398472,0.00037144181564078676,0.027973760165323013,0.02942986453347393,0.020726643356546344,0.00018196319889254858,0.02036997897842311,0.021083307734669578,-0.007975168992852128,-0.008785859747413168,-0.007164478238291088,-0.18567207045092207,2.2545104587183823e-82,22252,18720,True
ORF,0.02423721497418714,0.0004028648489365366,0.023447571426248193,0.025026858522126088,0.014913904163628243,0.0001582243551512834,0.014603770072903081,0.015224038254353405,-0.009323310810558897,-0.010171642268803984,-0.00847497935231381,-0.20641763169216515,4.133800203426676e-102,22252,18720,True
intron,0.023088049069723327,0.0003386650941190059,0.022424241574010698,0.023751856565435957,0.012820304938866637,0.00013271514442106475,0.012560171215451353,0.01308043866228192,-0.01026774413085669,-0.010980676060999306,-0.009554812200714075,-0.2704899318280321,5.987658938770825e-173,22252,18720,True
