chrom,pos,ref,alt,#VariationID,GeneSymbol,label,FullRationale,NT_Mechanism,NT_Confidence,NT_Description,NT_Trigger,NT_All_Mechanisms,Top_Abs_Signals,Top_Gain_Signals,Top_Loss_Signals,concordance,concordance_explanation,mechanism_supported,rationale_mechanism,nt_mechanism_appropriate,missed_by_nt,confidence
chr17,8248036,T,C,2202444,CTC1,Pathogenic,"DESC: This sequence change affects the initiator methionine of the CTC1 mRNA. The next in-frame methionine is located at codon 300. This variant is present in population databases (rs779499831, gnomAD 0.003%). This variant has not been reported in the literature in individuals affected with CTC1-related conditions. This variant disrupts a region of the CTC1 protein in which other variant(s) (p.Ala227Val) have been determined to be pathogenic (PMID: 22387016, 24115768, 29481669). This suggests that this is a clinically significant region of the protein, and that variants that disrupt it are likely to be disease-causing. For these reasons, this variant has been classified as Pathogenic.",START_LOSS,HIGH,Loss of translation initiation codon,start_codon=-0.575,"START_LOSS(P0,HIGH)",start_codon=-0.575; ORF=-0.223; intron=0.085,intron=0.085; enhancer_Tissue_invariant=0.048; 5UTR-=0.022,start_codon=-0.575; ORF=-0.223; stop_codon=-0.029,CONCORDANT,ClinVar rationale describes disruption of the initiation codon leading to loss of translation; NT predicts START_LOSS.,True,Start codon loss causing loss of function,True,,HIGH
chr22,50526246,C,T,223053,TYMP,Pathogenic,No detailed rationale provided.,WEAK_SPLICE_CHANGE,LOW,Weak change in splice site score (requires further investigation),splice_donor=-0.447,"WEAK_SPLICE_CHANGE(P4,LOW); WEAK_EXON_CHANGE(P4,LOW); WEAK_ORF_CHANGE(P4,LOW)",exon=-0.455; splice_donor=-0.447; intron=0.368,intron=0.368; enhancer_Tissue_specific=0.080; stop_codon=0.062,exon=-0.455; splice_donor=-0.447; skipped_exon=-0.325,UNCERTAIN,"ClinVar provides no detailed rationale, so alignment with NT-predicted weak splice change cannot be assessed.",,Unknown (rationale missing),True,,LOW
chr17,43074331,C,T,37604,BRCA1,Pathogenic,"DESC: Variant summary: BRCA1 c.4675G>A (p.Glu1559Lys) results in a conservative amino acid change in the encoded protein sequence. Four of five in-silico tools predict a benign effect of the variant on protein function. This sequence change occurs at the last nucleotide of exon 14. Several computational tools predict a significant impact on normal splicing: Four predict the variant abolishes a 5 splicing donor site. Consistent with these predications, a functional study report that this alteration activated a cryptic splice site resulting in the loss of the last 11 nucleotides of the exon 14 (Wappenschmidt_2012). The variant was absent in 251130 control chromosomes (gnomAD). c.4675G>A has been reported in the literature in individuals affected with Hereditary Breast and Ovarian Cancer Syndrome (Rebbeck_2018). These data indicate that the variant is likely to be associated with disease. Six ClinVar submitters including an expert panel (ENIGMA) cite the variant as pathogenic/likely pathogenic. Based on the evidence outlined above, the variant was classified as pathogenic. | Criteria applied: PS3,PS4,PM2_SUP, PP3 | This sequence change replaces glutamic acid, which is acidic and polar, with lysine, which is basic and polar, at codon 1559 of the BRCA1 protein (p.Glu1559Lys). RNA analysis indicates that this missense change induces altered splicing and may result in an absent or disrupted protein product. This variant is present in population databases (rs80356988, gnomAD 0.007%). This missense change has been observed in individual(s) with breast cancer and/or ovarian cancer (PMID: 17761984, 23239986, 24333842, 24797986, 25066507). It has also been observed to segregate with disease in related individuals. This variant is also known as c.4794G>A. ClinVar contains an entry for this variant (Variation ID: 37604). Based on a multifactorial likelihood algorithm using genetic, in silico, and/or statistical data, this variant has been determined to have a high probability of being pathogenic (PMID: 31131967). Experimental studies have shown that this missense change does not substantially affect BRCA1 function (PMID: 30765603). Variants that disrupt the consensus splice site are a relatively common cause of aberrant splicing (PMID: 17576681, 9536098). Studies have shown that this missense change results in deletion of the last 11 nucleotides of exon 14 (also known as exon 15) and introduces a premature termination codon (PMID: 23239986, 31143303; Invitae). The resulting mRNA is expected to undergo nonsense-mediated decay. For these reasons, this variant has been classified as Pathogenic. | BRCA1: PVS1, PM2, PS4:Moderate | IARC class based on posterior probability from multifactorial likelihood analysis, thresholds for class as per Plon et al. 2008 (PMID: 18951446). Class 5 based on posterior probability = 0.99607 | The c.4675G>A pathogenic mutation (also known as p.E1559K), located in coding exon 13 of the BRCA1 gene, results from a G to A substitution at nucleotide position 4675. The glutamic acid at codon 1559 is replaced by lysine, an amino acid with similar properties. However, this change occurs in the last base pair of coding exon 13, which makes it likely to have some effect on normal mRNA splicing. In vitro transcript analyses showed that this alteration activated a cryptic splice site leading to the loss of the last 11 nucleotides of the exon and causing a premature stop codon Wappenschmidt B et al. PLoS One. 2012;7(12):e50800; Wangensteen T et al. Hered Cancer Clin Pract, 2019 May;17:14). This alteration has been identified in individuals diagnosed with breast and/or ovarian cancer (Callahan MJ et al. J Clin Oncol. 2007 Sep 1;25(25):3985-90; Wappenschmidt B et al. PLoS One. 2012;7(12):e50800; Tihomirova L et al. Adv Med Sci. 2014 Mar;59(1):114-9; Conner JR et al. Gynecol Oncol. 2014 Feb;132(2):280-6; De Talhouet S et al. Sci Rep, 2020 04;10:7073). This nucleotide position is highly conserved in available vertebrate species. In silico splice site analysis predicts that this alteration will weaken the native splice donor site and will result in the creation or strengthening of a novel splice donor site. RNA studies have demonstrated that this alteration results in abnormal splicing in the set of samples tested (Ambry internal data). Based on the supporting evidence, this alteration is interpreted as a disease-causing mutation. | RNA studies demonstrate a damaging effect: aberrant splicing leading to the loss of the last 11 nucleotides, resulting in protein truncation or nonsense mediated decay in a gene for which loss-of-function is a known mechanism of disease (PMID: 23239986, 31143303); Multifactorial likelihood analysis suggests this variant is pathogenic (PMID: 31131967); Not observed at significant frequency in large population cohorts (gnomAD); Truncating variants in this gene are considered pathogenic by a well-established clinical consortium and/or database; Also known as 4794G>A; This variant is associated with the following publications: (PMID: 31825140, 29752822, 29446198, 31131967, 30441849, 33468216, 29797126, 36922883, 31294896, 30765603, 32546644, 32341426, 9974970, 11301010, 10220405, 37937776, 28781887, 33087888, 24333842, 34981296, 36367610, 17761984, 23239986, 31143303, 25066507, 24797986) | The BRCA1 c.4675G>A (p.Glu1559Lys) variant has been reported in the published literature in in multiple individuals and families with breast and/or ovarian cancer (PMIDs: 33471991 (2021), 32341426 (2020), 31825140 (2019), 30441849 (2018), 29797126 (2018), 29752822 (2018), 29446198 (2018), 25066507 (2014), 24797986 (2014), 23239986 (2012)). Functional analysis indicates that this variant interferes with normal RNA splicing (PMIDs: 31143303 (2019) and 23239986 (2012)). The frequency of this variant in the general population, 0.000032 (1/31378 chromosomes (Genome Aggregation Database, http://gnomad.broadinstitute.org)), is consistent with pathogenicity. Analysis of this variant using software algorithms for the prediction of the effect of nucleotide changes on splicing yielded predictions that this variant may affect proper BRCA1 mRNA splicing. Based on the available information, this variant is classified as pathogenic.",SPLICE_SITE_DESTROYED,HIGH,Loss of canonical splice donor or acceptor site,splice_donor=-0.708,"SPLICE_SITE_DESTROYED(P0,HIGH); STRONG_CODING_LOSS(P1,MEDIUM_HIGH); STRONG_EXON_LOSS(P1,MEDIUM); ORF_DISRUPTION(P1,MEDIUM); WEAK_SPLICE_CHANGE(P4,LOW); WEAK_EXON_CHANGE(P4,LOW); WEAK_ORF_CHANGE(P4,LOW)",splice_donor=-0.708; exon=-0.700; ORF=-0.700,intron=0.203; polyA_signal=0.040; enhancer_Tissue_specific=0.017,splice_donor=-0.708; exon=-0.700; ORF=-0.700,CONCORDANT,ClinVar rationale supports splice disruption; NT predicts splice site destruction.,True,Splice site disruption,True,,HIGH
chr4,148259978,C,T,8564,NR3C2,Pathogenic,No detailed rationale provided.,WEAK_SPLICE_CHANGE,LOW,Weak change in splice site score (requires further investigation),splice_donor=-0.433,"WEAK_SPLICE_CHANGE(P4,LOW)",splice_donor=-0.433; intron=0.226; polyA_signal=0.088,intron=0.226; polyA_signal=0.088; skipped_exon=0.087,splice_donor=-0.433; ORF=-0.048; enhancer_Tissue_specific=-0.011,UNCERTAIN,ClinVar rationale is missing; NT predicts a weak splice change but comparison is not possible.,,Unknown (rationale missing),True,,LOW
chr3,37020462,A,G,89610,MLH1,Pathogenic,"DESC: Predicted splice site and minigene assay shown to cause splicing abberation | This sequence change replaces glutamine, which is neutral and polar, with arginine, which is basic and polar, at codon 346 of the MLH1 protein (p.Gln346Arg). This variant is not present in population databases (gnomAD no frequency). This variant has not been reported in the literature in individuals affected with MLH1-related conditions. ClinVar contains an entry for this variant (Variation ID: 89610). Invitae Evidence Modeling of protein sequence and biophysical properties (such as structural, functional, and spatial information, amino acid conservation, physicochemical variation, residue mobility, and thermodynamic stability) has been performed for this missense variant. However, the output from this modeling did not meet the statistical confidence thresholds required to predict the impact of this variant on MLH1 protein function. Studies have shown that this missense change alters mRNA splicing and is expected to lead to the loss of protein expression (PMID: 18561205). In summary, the available evidence is currently insufficient to determine the role of this variant in disease. Therefore, it has been classified as a Variant of Uncertain Significance.",WEAK_EXON_CHANGE,LOW,Weak change in exon identity (requires further investigation),always_on_exon=-0.353,"WEAK_EXON_CHANGE(P4,LOW)",always_on_exon=-0.353; skipped_exon=0.277; intron=0.069,skipped_exon=0.277; intron=0.069; ORF=0.035,always_on_exon=-0.353; splice_donor=-0.052; 3UTR+=-0.039,PARTIAL,ClinVar discusses splicing disruption supported by assays; NT indicates exon-level change consistent with downstream splicing effects but is less specific than a direct splice call.,True,Splice alteration (functional evidence),True,Direct splice-junction disruption call,MEDIUM
chr11,125896282,C,G,2444715,HYLS1,Pathogenic,"DESC: Reported in an individual with global developmental delay, hypotonia, epilepsy, and dysmorphic features who harbored a second PUS3 variant, however, segregation information was not provided (Nstvik et al., 2021); Initiation codon variant in a gene for which loss-of-function is a known mechanism of disease; Not observed at significant frequency in large population cohorts (gnomAD); This variant is associated with the following publications: (PMID: 34415064)",START_LOSS,HIGH,Loss of translation initiation codon,start_codon=-0.497,"START_LOSS(P0,HIGH)",start_codon=-0.497; always_on_exon=-0.107; skipped_exon=0.065,skipped_exon=0.065; 3UTR-=0.059; intron=0.053,start_codon=-0.497; always_on_exon=-0.107; splice_donor=-0.023,CONCORDANT,ClinVar describes start codon disruption leading to loss of function; NT predicts START_LOSS.,True,Start codon loss,True,,HIGH
chrX,9759332,C,T,10517,GPR143,Pathogenic,No detailed rationale provided.,SPLICE_SITE_DESTROYED,HIGH,Loss of canonical splice donor or acceptor site,splice_donor=-0.652,"SPLICE_SITE_DESTROYED(P0,HIGH); SPLICE_INDUCED_INTRON_RETENTION(P1,MEDIUM_HIGH); CONSTITUTIVE_EXON_LOSS(P1,MEDIUM_HIGH); STRONG_CODING_LOSS(P1,MEDIUM_HIGH); STRONG_EXON_LOSS(P1,MEDIUM); ORF_DISRUPTION(P1,MEDIUM); INTRON_RETENTION(P3,MEDIUM); RECIPROCAL_EXON_LOSS_INTRON_GAIN(P3,MEDIUM); WEAK_SPLICE_CHANGE(P4,LOW); WEAK_EXON_CHANGE(P4,LOW); WEAK_ORF_CHANGE(P4,LOW)",splice_donor=-0.652; intron=0.619; ORF=-0.575,intron=0.619; enhancer_Tissue_specific=0.093; polyA_signal=0.017,splice_donor=-0.652; ORF=-0.575; always_on_exon=-0.561,UNCERTAIN,ClinVar provides no detailed rationale; NT predicts splice site destruction but cannot be validated against rationale text.,,Unknown (rationale missing),True,,LOW
chr15,48481655,C,T,2502068,FBN1,Pathogenic,"DESC: Not observed at significant frequency in large population cohorts (gnomAD); Variant in the last nucleotide of the exon in a gene for which loss of function is a known mechanism of disease, and both splice predictors and evolutionary conservation support a deleterious effect, although in the absence of functional evidence the actual effect of this sequence change is unknown.; Substitution of a calcium-binding residue within a calcium-binding EGF-like domain of fibrillin-1, which is an established mechanism of disease for Marfan syndrome (Loeys et al., 2010); This variant is associated with the following publications: (PMID: 19370756, 19293843, 20886638)",WEAK_SPLICE_CHANGE,LOW,Weak change in splice site score (requires further investigation),splice_donor=-0.291,"WEAK_SPLICE_CHANGE(P4,LOW)",splice_donor=-0.291; intron=0.211; exon=-0.153,intron=0.211; enhancer_Tissue_invariant=0.144; stop_codon=0.031,splice_donor=-0.291; exon=-0.153; enhancer_Tissue_specific=-0.066,NOT_APPLICABLE,ClinVar rationale appears to support a protein-level (missense) interpretation; NT transcript-feature mechanisms are not expected to capture this reliably.,,Protein-level functional impact (missense/structure),True,,MEDIUM
chr6,73362730,A,G,30928,KHDC3L,Pathogenic,No detailed rationale provided.,START_LOSS,HIGH,Loss of translation initiation codon,start_codon=-0.446,"START_LOSS(P0,HIGH); WEAK_ORF_CHANGE(P4,LOW)",start_codon=-0.446; ORF=-0.263; 5UTR+=0.215,5UTR+=0.215; promoter_Tissue_specific=0.046; skipped_exon=0.041,start_codon=-0.446; ORF=-0.263; protein_coding_gene=-0.075,UNCERTAIN,ClinVar provides no detailed rationale; cannot assess start-loss alignment.,,Unknown (rationale missing),True,,LOW
chrX,37780080,G,A,1076290,CYBB,Pathogenic,"DESC: For these reasons, this variant has been classified as Pathogenic. This variant disrupts the p.Gly20 amino acid residue in CYBB. Other variant(s) that disrupt this residue have been determined to be pathogenic (PMID: 9585602, 19410294, 20729109). This suggests that this residue is clinically significant, and that variants that disrupt this residue are likely to be disease-causing. Algorithms developed to predict the effect of sequence changes on RNA splicing suggest that this variant may create or strengthen a splice site, but this prediction has not been confirmed by published transcriptional studies. Disruption of the initiator codon has been observed in individual(s) with chronic granulomatous disease (PMID: 29560547, 11162142, 22929960). This variant is not present in population databases (ExAC no frequency). This sequence change affects the initiator methionine of the CYBB mRNA. The next in-frame methionine is located at codon 65.",START_LOSS,HIGH,Loss of translation initiation codon,start_codon=-0.485,"START_LOSS(P0,HIGH)",start_codon=-0.485; ORF=-0.249; exon=-0.241,lncRNA=0.062; intron=0.055; always_on_exon=0.050,start_codon=-0.485; ORF=-0.249; exon=-0.241,CONCORDANT,ClinVar indicates initiation codon disruption consistent with loss of function; NT predicts START_LOSS.,True,Start codon loss,True,,HIGH
chr3,136250377,T,A,93228,PCCB,Pathogenic,No detailed rationale provided.,START_LOSS,HIGH,Loss of translation initiation codon,start_codon=-0.714,"START_LOSS(P0,HIGH); START_LOSS_WITH_UTR_EXTENSION(P2,MEDIUM_HIGH); START_LOSS_WITH_ORF_DISRUPTION(P2,MEDIUM_HIGH); WEAK_ORF_CHANGE(P4,LOW)",start_codon=-0.714; 5UTR+=0.348; ORF=-0.321,5UTR+=0.348; 5UTR-=0.085; skipped_exon=0.071,start_codon=-0.714; ORF=-0.321; always_on_exon=-0.151,UNCERTAIN,ClinVar provides no detailed rationale; cannot assess start-loss alignment.,,Unknown (rationale missing),True,,LOW
chr2,47480873,T,A,2028152,MSH2,Pathogenic,"DESC: For these reasons, this variant has been classified as Pathogenic. Variants that disrupt the consensus splice site are a relatively common cause of aberrant splicing (PMID: 17576681, 9536098). Algorithms developed to predict the effect of sequence changes on RNA splicing suggest that this variant may disrupt the consensus splice site. This sequence change affects a donor splice site in intron 15 of the MSH2 gene. While this variant is not anticipated to result in nonsense mediated decay, it likely alters RNA splicing and results in a disrupted protein product. This variant is not present in population databases (gnomAD no frequency). Disruption of this splice site has been observed in individual(s) with clinical features of Lynch syndrome (PMID: 20587412). It has also been observed to segregate with disease in related individuals.",CRYPTIC_ORF_GAIN,LOW_MEDIUM,Creation of cryptic open reading frame (possible exonization consequence),ORF=0.886,"CRYPTIC_ORF_GAIN(P3,LOW_MEDIUM); WEAK_EXON_CHANGE(P4,LOW); WEAK_ORF_CHANGE(P4,LOW)",ORF=0.886; exon=0.748; always_on_exon=0.291,ORF=0.886; exon=0.748; always_on_exon=0.291,intron=-0.179,NOT_APPLICABLE,ClinVar rationale is primarily consistent with protein-level dysfunction (typical for missense in mismatch repair genes); NT cryptic ORF signal is not the mechanism ClinVar is using.,,Protein-level dysfunction (missense/functional impact),False,,LOW
chr19,852330,T,C,988327,ELANE,Pathogenic,No detailed rationale provided.,START_LOSS,HIGH,Loss of translation initiation codon,start_codon=-0.637,"START_LOSS(P0,HIGH); START_LOSS_WITH_UTR_EXTENSION(P2,MEDIUM_HIGH); START_LOSS_WITH_ORF_DISRUPTION(P2,MEDIUM_HIGH); WEAK_ORF_CHANGE(P4,LOW)",start_codon=-0.637; ORF=-0.436; 5UTR+=0.420,5UTR+=0.420; lncRNA=0.031; 5UTR-=0.030,start_codon=-0.637; ORF=-0.436; intron=-0.030,UNCERTAIN,ClinVar provides no detailed rationale; cannot assess start-loss alignment.,,Unknown (rationale missing),True,,LOW
chrX,150592616,T,C,1966402,MTM1,Pathogenic,"DESC: This sequence change affects the initiator methionine of the MTM1 mRNA. The next in-frame methionine is located at codon 96. This variant is not present in population databases (gnomAD no frequency). Disruption of the initiator codon has been observed in individual(s) with clinical features of MTM1-related conditions (PMID: 11793470, 12522554, 22968136, 30902907). In at least one individual the variant was observed to be de novo. For these reasons, this variant has been classified as Pathogenic.",START_LOSS,HIGH,Loss of translation initiation codon,start_codon=-0.433,"START_LOSS(P0,HIGH)",start_codon=-0.433; 5UTR+=0.127; exon=0.042,5UTR+=0.127; exon=0.042; skipped_exon=0.032,start_codon=-0.433; CTCF-bound=-0.031; intron=-0.031,CONCORDANT,ClinVar explicitly describes initiation codon disruption; NT predicts START_LOSS.,True,Start codon loss,True,,HIGH
chr6,33080680,C,G,4326706,HLA-DPA1,Benign,No rationale provided.,WEAK_SPLICE_CHANGE,LOW,Weak change in splice site score (requires further investigation),splice_donor=-0.490,"WEAK_SPLICE_CHANGE(P4,LOW)",splice_donor=-0.490; promoter_Tissue_invariant=-0.095; ORF=0.095,ORF=0.095; enhancer_Tissue_invariant=0.056; exon=0.032,splice_donor=-0.490; promoter_Tissue_invariant=-0.095; skipped_exon=-0.092,UNCERTAIN,"ClinVar rationale text is missing, so concordance cannot be directly assessed (label is benign, but no mechanistic rationale provided).",,Unknown (rationale missing),True,,LOW
chr12,93678776,T,C,981900,CRADD,Pathogenic,No detailed rationale provided.,START_LOSS,HIGH,Loss of translation initiation codon,start_codon=-0.640,"START_LOSS(P0,HIGH)",start_codon=-0.640; promoter_Tissue_specific=-0.064; enhancer_Tissue_specific=0.043,enhancer_Tissue_specific=0.043; ORF=0.015,start_codon=-0.640; promoter_Tissue_specific=-0.064; stop_codon=-0.030,UNCERTAIN,ClinVar provides no detailed rationale; cannot assess start-loss alignment.,,Unknown (rationale missing),True,,LOW
chr1,161314406,A,G,407060,SDHC,Pathogenic,"DESC: This sequence change affects the initiator methionine of the SDHC mRNA. The next in-frame methionine is located at codon 38. This variant is present in population databases (rs755235380, gnomAD 0.006%). Disruption of the initiator codon has been observed in individuals with clinical features of SDHC-related conditions (PMID: 11062460, 16249420, 19454582, 22351710, 22517554, 23282968). It has also been observed to segregate with disease in related individuals. ClinVar contains an entry for this variant (Variation ID: 407060). For these reasons, this variant has been classified as Pathogenic. | This rare c.1A>G (p.Met1?) variant (seen once in gnomAD) in the SDHC gene is predicted to result in a start codon loss of the major biological transcripts. The variant has been observed in multiple unrelated individuals paraganglioma/pheochromocytoma (PMID 16249420, 19351833, 19454582). Predicted start codon loss with different nucleotide changes in this gene has been also observed in other individuals with paraganglioma (PMID : 19351833) . Therefore, this c.1A>G (p.Met1?) variant variant is considered as pathogenic. | The variant c.1A>G affects the initiator methionine of the SDHC mRNA. This variant is present in population databases (gnomAD v30.001%) and has been reported in the literature in 3 individuals affected with paraganglioma/pheochromocytoma and gastrointestinal stromal tumors [PMID: 23282968; PMID: 22517554; PMID: 19454582], and in a family with Paraganglioma Syndrome [PMID: 16249420]. Two different variants (c.2T>A and c.3G>A) that disrupt the same methionine initiator have been reported in patients and families affected with head and neck paragangliomas [PMID: 19351833], paragangliomas [PMID: 11062460], and renal cell carcinoma [PMID: 22351710], indicating that this methionine initiator of SDHC may be critical for protein function. Based on the available evidence, this variant has been classified as Pathogenic. | The p.M1? pathogenic mutation (also known as c.1A>G) is located in coding exon 1 of the SDHC gene and results from an A to G substitution at nucleotide position 1. This alters the methionine residue at the initiation codon (ATG). This mutation has previously been reported in multiple individuals diagnosed with paragangliomas (Niemann S et al. Nat Genet 2000 Nov;26(3):268-70; Schiavi F et al. JAMA. 2005 Oct;294:2057-63; Burnichon N et al. J. Clin. Endocrinol. Metab. 2009 Aug;94:2817-27; Neumann HP et al. Cancer Res. 2009 Apr;69:3650-6; Am J Surg Pathol 2013 Feb;37(2):234-40). The mutation was also detected in an individual whose GIST tumor showed a loss of SDHB expression and intact SDHA expression on IHC (Miettinen M et al. Am. J. Surg. Pathol. 2013 Feb;37:234-40). In addition to the clinical data presented in the literature, sequence variations that modify the initiation codon are expected to result in either loss of translation initiation, N-terminal truncation, or cause a shift in the mRNA reading frame. Based on the supporting evidence, this alteration is interpreted as a disease-causing mutation. | This variant is considered pathogenic. This variant is located within the gene translation start codon (p.Met1?) and is predicted to result in abnormal protein translation. This variant has been reported in multiple individuals with clinical features of gene-specific disease [PMID: 30201732, 30877234, 16249420, 11062460, 25720320]. | Initiation codon variant in a gene for which loss-of-function is a known mechanism of disease; Not observed at significant frequency in large population cohorts (gnomAD); This variant is associated with the following publications: (PMID: 19454582, 22517557, 27011036, 23282968, 19351833, 28748451, 16249420, 31589614, 33087929, 34558728, 24096523, 31447099, 22517554, 22351710, 11062460, 34750850, 30201732, 30877234)",START_LOSS,HIGH,Loss of translation initiation codon,start_codon=-0.650,"START_LOSS(P0,HIGH); START_LOSS_WITH_ORF_DISRUPTION(P2,MEDIUM_HIGH); WEAK_ORF_CHANGE(P4,LOW)",start_codon=-0.650; ORF=-0.441; 5UTR+=0.153,5UTR+=0.153; promoter_Tissue_invariant=0.072; intron=0.033,start_codon=-0.650; ORF=-0.441; splice_acceptor=-0.103,CONCORDANT,ClinVar explicitly states the variant affects the initiator methionine/start codon; NT predicts START_LOSS.,True,Start codon loss,True,,HIGH
chr9,137163668,G,C,1452432,GRIN1,Pathogenic,"DESC: This variant is not present in population databases (gnomAD no frequency). This sequence change replaces glycine, which is neutral and non-polar, with arginine, which is basic and polar, at codon 815 of the GRIN1 protein (p.Gly815Arg). This variant also falls at the last nucleotide of exon 17, which is part of the consensus splice site for this exon. A different variant (c.2443G>A) giving rise to the same protein effect has been determined to be pathogenic (PMID: 25864721, 27164704, 32827528). This suggests that this variant is also likely to be causative of disease. For these reasons, this variant has been classified as Pathogenic. Variants that disrupt the consensus splice site are a relatively common cause of aberrant splicing (PMID: 17576681, 9536098). Algorithms developed to predict the effect of sequence changes on RNA splicing suggest that this variant may disrupt the consensus splice site. Algorithms developed to predict the effect of missense changes on protein structure and function are either unavailable or do not agree on the potential impact of this missense change (SIFT: ""Deleterious""; PolyPhen-2: ""Probably Damaging""; Align-GVGD: ""Class C0"").",WEAK_SPLICE_CHANGE,LOW,Weak change in splice site score (requires further investigation),splice_donor=-0.358,"WEAK_SPLICE_CHANGE(P4,LOW)",splice_donor=-0.358; exon=0.130; always_on_exon=0.090,exon=0.130; always_on_exon=0.090; ORF=0.083,splice_donor=-0.358; intron=-0.029,PARTIAL,ClinVar discusses a missense change but also notes the variant lies at an exon boundary and may disrupt splicing; NT's weak splice signal aligns with the splice aspect but does not address protein-level evidence.,True,Mixed: possible splice disruption at exon boundary + missense protein effect,True,Protein-level (amino-acid) effect emphasized in ClinVar,MEDIUM
