concordance,signal_category,MLM_category,Benign / Neutral / None,MLM / Sequence-constraint signal,Nonsense / Truncation / NMD,Other / Unclassified,Regulatory / Expression,Splicing,Start codon / Initiation / ORF,Uncertain / Unknown
CONCORDANT,ABSENT,ABSENT,0.3216374269005848,0.13450292397660818,0.0,0.5341130604288499,0.001949317738791423,0.0,0.0,0.007797270955165692
CONCORDANT,ABSENT,MODERATE,0.1893939393939394,0.7196969696969697,0.0,0.07954545454545454,0.001893939393939394,0.0,0.0,0.00946969696969697
CONCORDANT,ABSENT,STRONG,0.005649717514124294,0.9943502824858758,0.0,0.0,0.0,0.0,0.0,0.0
CONCORDANT,ABSENT,WEAK,0.7206572769953051,0.08098591549295775,0.0,0.1772300469483568,0.0011737089201877935,0.0,0.0,0.01995305164319249
CONCORDANT,MODERATE,ABSENT,0.0196078431372549,0.0392156862745098,0.0,0.11764705882352941,0.0196078431372549,0.21568627450980393,0.5882352941176471,0.0
CONCORDANT,MODERATE,DISCORDANT,0.0,0.0,0.0,0.0,0.0,0.0,1.0,0.0
CONCORDANT,MODERATE,MODERATE,0.0005089058524173028,0.4381679389312977,0.004580152671755725,0.03307888040712468,0.15521628498727735,0.04732824427480916,0.32111959287531805,0.0
CONCORDANT,MODERATE,STRONG,0.0,0.6901521216973578,0.0032025620496397116,0.0016012810248198558,0.15612489991993594,0.03362690152121697,0.11529223378702963,0.0
CONCORDANT,MODERATE,WEAK,0.013550135501355014,0.03387533875338753,0.01084010840108401,0.08807588075880758,0.08130081300813008,0.05420054200542006,0.7181571815718157,0.0
CONCORDANT,STRONG,ABSENT,0.0,0.0,0.0,0.0625,0.0,0.3125,0.625,0.0
CONCORDANT,STRONG,MODERATE,0.0,0.04157043879907621,0.0023094688221709007,0.018475750577367205,0.03926096997690531,0.18244803695150116,0.7159353348729792,0.0
CONCORDANT,STRONG,STRONG,0.0,0.14166666666666666,0.0,0.016666666666666666,0.03333333333333333,0.3,0.5083333333333333,0.0
CONCORDANT,STRONG,WEAK,0.0,0.0,0.0,0.008620689655172414,0.02586206896551724,0.15517241379310345,0.8103448275862069,0.0
CONCORDANT,WEAK,ABSENT,0.5151515151515151,0.045454545454545456,0.015151515151515152,0.3333333333333333,0.045454545454545456,0.0,0.030303030303030304,0.015151515151515152
CONCORDANT,WEAK,MODERATE,0.08985879332477535,0.7811296534017972,0.0006418485237483953,0.06867779204107831,0.04749679075738126,0.003209242618741977,0.00834403080872914,0.0006418485237483953
CONCORDANT,WEAK,STRONG,0.0,0.9871428571428571,0.0014285714285714286,0.002857142857142857,0.002857142857142857,0.0014285714285714286,0.004285714285714286,0.0
CONCORDANT,WEAK,WEAK,0.5530921820303384,0.14585764294049008,0.0011668611435239206,0.2532088681446908,0.038506417736289385,0.0011668611435239206,0.0011668611435239206,0.005834305717619603
DISCORDANT,ABSENT,ABSENT,0.21853947722985717,0.5909458367016976,0.00026946914578280785,0.17650229048773916,0.0,0.00026946914578280785,0.0029641606036108865,0.010509296685529508
DISCORDANT,ABSENT,DISCORDANT,0.2111111111111111,0.5666666666666667,0.0,0.2,0.0,0.0,0.0,0.022222222222222223
DISCORDANT,ABSENT,MODERATE,0.15384615384615385,0.5961538461538461,0.0,0.057692307692307696,0.0,0.0,0.0,0.19230769230769232
DISCORDANT,ABSENT,STRONG,0.0,0.5,0.0,0.0,0.0,0.0,0.0,0.5
DISCORDANT,ABSENT,WEAK,0.191131498470948,0.6743119266055045,0.0,0.053516819571865444,0.0007645259938837921,0.0015290519877675841,0.0,0.07874617737003058
DISCORDANT,MODERATE,ABSENT,0.0,0.01694915254237288,0.0,0.3728813559322034,0.5084745762711864,0.01694915254237288,0.06779661016949153,0.01694915254237288
DISCORDANT,MODERATE,DISCORDANT,0.0,0.0,0.0,0.25,0.625,0.125,0.0,0.0
DISCORDANT,MODERATE,MODERATE,0.0,0.07246376811594203,0.0,0.391304347826087,0.4057971014492754,0.014492753623188406,0.11594202898550725,0.0
DISCORDANT,MODERATE,STRONG,0.0,0.0,0.0,0.4,0.6,0.0,0.0,0.0
DISCORDANT,MODERATE,WEAK,0.0,0.012195121951219513,0.0,0.3780487804878049,0.4878048780487805,0.0,0.12195121951219512,0.0
DISCORDANT,STRONG,MODERATE,0.0,0.0,0.0,0.25,0.375,0.125,0.25,0.0
DISCORDANT,STRONG,WEAK,0.0,0.0,0.0,0.0,1.0,0.0,0.0,0.0
DISCORDANT,WEAK,ABSENT,0.06876456876456877,0.5990675990675991,0.0,0.14627039627039626,0.06177156177156177,0.012237762237762238,0.09382284382284382,0.018065268065268064
DISCORDANT,WEAK,DISCORDANT,0.1,0.44,0.0,0.2,0.1,0.01,0.1,0.05
DISCORDANT,WEAK,MODERATE,0.14457831325301204,0.4939759036144578,0.0,0.07228915662650602,0.14457831325301204,0.024096385542168676,0.024096385542168676,0.0963855421686747
DISCORDANT,WEAK,STRONG,0.0,0.6666666666666666,0.0,0.0,0.3333333333333333,0.0,0.0,0.0
DISCORDANT,WEAK,WEAK,0.07407407407407407,0.6465608465608466,0.0,0.1259259259259259,0.061375661375661375,0.004232804232804233,0.026455026455026454,0.061375661375661375
PARTIAL,ABSENT,MODERATE,0.0,0.9855072463768116,0.0,0.014492753623188406,0.0,0.0,0.0,0.0
PARTIAL,ABSENT,STRONG,0.0,1.0,0.0,0.0,0.0,0.0,0.0,0.0
PARTIAL,ABSENT,WEAK,0.0,1.0,0.0,0.0,0.0,0.0,0.0,0.0
PARTIAL,MODERATE,ABSENT,0.0,0.03125,0.003125,0.140625,0.23125,0.059375,0.534375,0.0
PARTIAL,MODERATE,DISCORDANT,0.0,0.1111111111111111,0.0,0.2222222222222222,0.3333333333333333,0.1111111111111111,0.2222222222222222,0.0
PARTIAL,MODERATE,MODERATE,0.0,0.3903225806451613,0.0032258064516129032,0.13870967741935483,0.2,0.03225806451612903,0.23548387096774193,0.0
PARTIAL,MODERATE,STRONG,0.0,0.6842105263157895,0.0,0.0,0.21052631578947367,0.10526315789473684,0.0,0.0
PARTIAL,MODERATE,WEAK,0.0,0.07737226277372262,0.00072992700729927,0.11240875912408758,0.14233576642335766,0.059854014598540145,0.6072992700729927,0.0
PARTIAL,STRONG,ABSENT,0.0,0.0,0.0,0.5,0.0,0.5,0.0,0.0
PARTIAL,STRONG,DISCORDANT,0.0,0.0,0.0,0.0,0.0,1.0,0.0,0.0
PARTIAL,STRONG,MODERATE,0.0,0.25,0.0,0.25,0.25,0.25,0.0,0.0
PARTIAL,STRONG,WEAK,0.0,0.0,0.0,0.07692307692307693,0.6153846153846154,0.15384615384615385,0.15384615384615385,0.0
PARTIAL,WEAK,ABSENT,0.0,0.1966824644549763,0.004739336492890996,0.052132701421800945,0.030805687203791468,0.02843601895734597,0.6872037914691943,0.0
PARTIAL,WEAK,DISCORDANT,0.0,0.17647058823529413,0.0,0.17647058823529413,0.0,0.23529411764705882,0.4117647058823529,0.0
PARTIAL,WEAK,MODERATE,0.0,0.8868312757201646,0.00205761316872428,0.0102880658436214,0.018518518518518517,0.012345679012345678,0.06995884773662552,0.0
PARTIAL,WEAK,STRONG,0.0,1.0,0.0,0.0,0.0,0.0,0.0,0.0
PARTIAL,WEAK,WEAK,0.0,0.4495530012771392,0.008939974457215836,0.08173690932311622,0.04980842911877394,0.017879948914431672,0.39080459770114945,0.001277139208173691
