Track,Type,REF,ALT,Δ,Direction
intron,BED,0.3887,0.8125,+0.4238,Gain
exon,BED,0.7695,0.3613,-0.4082,Loss
ORF,BED,0.7461,0.3477,-0.3984,Loss
blood vessel | RNA-seq [1],BigWig,0.9688,0.6211,-0.3477,Loss
colon | RNA-seq,BigWig,0.9883,0.6406,-0.3477,Loss
small intestine | RNA-seq [1],BigWig,0.9727,0.6328,-0.3398,Loss
adrenal gland | RNA-seq [1],BigWig,0.9570,0.6328,-0.3242,Loss
adrenal gland | RNA-seq [2],BigWig,0.9688,0.6523,-0.3164,Loss
small intestine | RNA-seq [2],BigWig,0.9766,0.6602,-0.3164,Loss
Always-on exon,BED,0.5117,0.2002,-0.3115,Loss
esophagus | RNA-seq [1],BigWig,0.9844,0.6797,-0.3047,Loss
ovary | RNA-seq,BigWig,0.9492,0.6484,-0.3008,Loss
stomach | RNA-seq [1],BigWig,0.9844,0.6914,-0.2930,Loss
blood | RNA-seq,BigWig,0.9609,0.6758,-0.2852,Loss
esophagus | RNA-seq [2],BigWig,0.9844,0.6992,-0.2852,Loss
blood vessel | RNA-seq [2],BigWig,0.9922,0.7109,-0.2812,Loss
brain | RNA-seq,BigWig,0.8711,0.5898,-0.2812,Loss
muscle | RNA-seq,BigWig,0.8750,0.5938,-0.2812,Loss
small intestine | RNA-seq [3],BigWig,0.9688,0.6875,-0.2812,Loss
splice donor,BED,0.7383,0.5039,-0.2344,Loss
