,"ABSENT
DISCORDANT
(n=4641)","ABSENT
PARTIAL
(n=37)","ABSENT
CONCORDANT
(n=478)","ABSENT
NOT_APPLICABLE
(n=0)","WEAK
DISCORDANT
(n=2326)","WEAK
PARTIAL
(n=1424)","WEAK
CONCORDANT
(n=82)","WEAK
NOT_APPLICABLE
(n=0)","MODERATE
DISCORDANT
(n=35)","MODERATE
PARTIAL
(n=1549)","MODERATE
CONCORDANT
(n=1283)","MODERATE
NOT_APPLICABLE
(n=0)","STRONG
DISCORDANT
(n=0)","STRONG
PARTIAL
(n=0)","STRONG
CONCORDANT
(n=446)","STRONG
NOT_APPLICABLE
(n=0)"
GPN-MSA,,,,,,,,,,,,,,,,
CADD,,,,,,,,,,,,,,,,
phyloP-100v,,,,,,,,,,,,,,,,
phyloP-241m,,,,,,,,,,,,,,,,
phastCons-100v,,,,,,,,,,,,,,,,
ESM-1b,,,,,,,,,,,,,,,,
NT,,,,,,,,,,,,,,,,
HyenaDNA,,,,,,,,,,,,,,,,
